{
  "accuracy": [
    0.7564935088157654,
    0.8376623392105103,
    0.8798701167106628,
    0.8603895902633667,
    0.8961039185523987,
    0.9090909361839294
  ],
  "val_accuracy": [
    0.5194805264472961,
    0.5194805264472961,
    0.5194805264472961,
    0.5194805264472961,
    0.5194805264472961,
    0.5194805264472961
  ],
  "loss": [
    0.21108953654766083,
    0.12250152230262756,
    0.10691620409488678,
    0.152955561876297,
    0.07558983564376831,
    0.061084795743227005
  ],
  "val_loss": [
    0.12940023839473724,
    0.15366500616073608,
    0.17338261008262634,
    0.1841609627008438,
    0.21624299883842468,
    0.21851566433906555
  ]
}